account_number,account_name,alias_name,address_1,address_2,address_3,address_4,city,country,postal_code,phone,fax,credit_amt,ucm_type,risk,ult_parent_num,status,create_date
K23383,COLUMBIA OILFIELD SUPPLY INC,,,,,,,,,,,200000,8-DIRECT CUSTOMER,,955708,ACTIVE,2/6/2012
K23396,SMA INDIA PVT LTD,,,,,,,,,,,0,8-DIRECT CUSTOMER,,K23396,ACTIVE,2/6/2012
K23398,PTT GLOBAL CHEMICAL PLC,,,,,,,,,,,0,8-DIRECT CUSTOMER,,K23398,ACTIVE,2/6/2012
K23401,LLC INSAAT SERVIS YT,,,,,,,,,,,0,1-DISTRIBUTOR,,K23401,ACTIVE,2/6/2012
K23402,SVENT UNION CORP,,,,,,,,,,,0,8-DIRECT CUSTOMER,,K23402,ACTIVE,2/6/2012
K23400,ER FILTRATION,,,,,,,,,,,0,1-DISTRIBUTOR,,K23400,ACTIVE,2/6/2012
K23407,KOSKINEN COMPONENTS FORSSA FIN,,,,,,,,,,,0,8-DIRECT CUSTOMER,,K23407,ACTIVE,2/6/2012
K23403,LERNIA UTBILDNING,,,,,,,,,,,0,8-DIRECT CUSTOMER,,K23403,ACTIVE,2/6/2012
K23399,TRADE PROPERTY VENTURES NO186,,,,,,,,,,,0,8-DIRECT CUSTOMER,,K23399,ACTIVE,2/6/2012
K23405,SEIBO,,,,,,,,,,,0,8-DIRECT CUSTOMER,,K23405,ACTIVE,2/6/2012
K23406,QUIP S/A,,,,,,,,,,,0,8-DIRECT CUSTOMER,,K23406,ACTIVE,2/6/2012
K23392,REFRIGERATION SUPPLIES DIST,,26021 ATLANTIC OCEAN DRIVE,,,,LAKE FOREST,USA-UNITED STATES,92630,7753291067,7753295388,0,1-DISTRIBUTOR,,K23392,ACTIVE,2/6/2012
K23410,ADVANCED COMPOSITES SALT LAKE,,,,,,,,,,,0,8-DIRECT CUSTOMER,,K23410,ACTIVE,2/6/2012
K23394,LANDERS TOYOTA SCION,,,,,,,,,,,0,8-DIRECT CUSTOMER,,K23394,ACTIVE,2/6/2012
K23395,PRECISION GAS INC,,,,,,,,,,,0,8-DIRECT CUSTOMER,,K23395,ACTIVE,2/6/2012
K23408,VIPERGEN APS,,,,,,,,,,,0,8-DIRECT CUSTOMER,,K23408,ACTIVE,2/6/2012
K23414,JEALCO INT HAMILTON OH,,,,,,,,,,,0,8-DIRECT CUSTOMER,,K23414,ACTIVE,2/6/2012
K23412,ANHEUSER BUSCH,,ACCOUNTS PAYABLE,ONE BUSCH PLACE (260-3),,,ST. LOUIS,USA-UNITED STATES,63118,3145774151,,0,1-DISTRIBUTOR,,K23412,ACTIVE,2/6/2012
X23412,ANHEUSER BUSC,,accounts payable,ONE BUSCH PLACE,,,ST. LOUIS,USA-UNITED STATES,63118,3145774151,,0,1-DISTRIBUTOR,,K23412,ACTIVE,2/6/2012
K23413,VARIAN MEDICAL SYSTEMS,,2101 4TH AVE,SUITE 500,,,SEATTLE,USA-UNITED STATES,63118,2067744258,2062540606,250023,8-DIRECT CUSTOMER,,936932,ACTIVE,2/6/2012
X23413,V. MEDICAL SYSTEMS,,2101 4TH AVE,SUITE 500,,,Seatel,USA-UNITED STATES,63118,2067744258,2062540606,250023,8-DIRECT CUSTOMER,,936932,ACTIVE,2/6/2012
K23416,LAMSAR INC PORT HURON MI,,,,,,,,,,,0,8-DIRECT CUSTOMER,,K23416,ACTIVE,2/6/2012
X23416,LAMSAR INC. PORT HURON MI,,,,,,,,,,,0,8-DIRECT CUSTOMER,,K23416,ACTIVE,2/6/2012
K23417,B D I CANADA INC CLAIRMONT ALB,,,,,,,,,,,0,1-DISTRIBUTOR,,93199,ACTIVE,2/6/2012
K23419,SKYJACK MANUFACTURING GLENDALE,,,,,,,,,,,0,8-DIRECT CUSTOMER,,K23419,ACTIVE,2/6/2012
K23418,MONTIMER SON LUMBER PORT HURON,,,,,,,,,,,0,8-DIRECT CUSTOMER,,K23418,ACTIVE,2/6/2012
K23421,TAPCO INTERNATIONAL DRYDEN MI,,,,,,,,,,,0,8-DIRECT CUSTOMER,,K23421,ACTIVE,2/6/2012
K23422,HIGH RIVER METAL FAB EDMONTON,,,,,,,,,,,0,8-DIRECT CUSTOMER,,K23422,ACTIVE,2/6/2012
K23423,TEK IND LTD EDMONTON ALB,,,,,,,,,,,0,8-DIRECT CUSTOMER,,K23423,ACTIVE,2/6/2012
K23425,APEX DISTRIBUTION INC SHAUNAVO,,,,,,,,,,,0,8-DIRECT CUSTOMER,,56011,ACTIVE,2/6/2012
K23426,COBRA MAINTENANCE LLOYDMINSTER,,,,,,,,,,,0,8-DIRECT CUSTOMER,,K23426,ACTIVE,2/6/2012
K23427,HALLBOOK ENTERPRISES STONY PLA,,,,,,,,,,,0,8-DIRECT CUSTOMER,,K23427,ACTIVE,2/6/2012
K23428,HYTECH OILFIELD PROJECTS CALGA,,,,,,,,,,,0,8-DIRECT CUSTOMER,,K23428,ACTIVE,2/6/2012
K23424,BAKER HUGHES MFG,,TECHNO PARK JEBEL ALI,SHELKH ZAYED RD,,,,,,,,,,,,,
K23430,BROWN UNIVERSITY,,324 BROOK ST,,,,PROVIDENCE,USA-UNITED STATES,2912,4018631025,,0,8-DIRECT CUSTOMER,,K23430,ACTIVE,2/6/2012
K23420,INGERNORTE LOGRONO SPA,,,,,,,,,,,0,8-DIRECT CUSTOMER,,K23420,ACTIVE,2/6/2012
K23431,GREAT AMERICAN OUTDOOR,,,,,,,,,,,0,1-DISTRIBUTOR,,K23431,ACTIVE,2/6/2012
K23432,LORIS AUTO REPAIR,,2420 US 301 NORTH,,,,ELLENTON,USA-UNITED STATES,34222,9417292868,,0,8-DIRECT CUSTOMER,,K23432,ACTIVE,2/6/2012
X23432,LORIS AUTO REP,,2420 United States 301 NORTH,,,,ELLENTON,USA-UNITED STATES,34222,9417292868,,0,8-DIRECT CUSTOMER,,K23432,ACTIVE,2/6/2012
K23433,HON HAI PRECISION IND,,10301 ROUND UP LANE,,,,HOUSTON,USA-UNITED STATES,77064,2815177800,,0,8-DIRECT CUSTOMER,,K23433,ACTIVE,2/6/2012
K23436,APPLIED INDL TECH BR 0788,,P O BOX 361580,,,,CLEVELAND,USA-UNITED STATES,44136,,,0,8-DIRECT CUSTOMER,,257200,ACTIVE,2/6/2012
K23434,GLOBAL TRADE MANAGEMENT,,242 OLD NEW BRUNSWICK RD,SUTIE 415,,,PISCATAWAY,USA-UNITED STATES,8854,7325296800,,0,8-DIRECT CUSTOMER,,K23434,ACTIVE,2/6/2012
K23435,DANIEL ROHRER,,11305 NW KING AVE,,,,PRINEVILLE,USA-UNITED STATES,97754,5418158228,,0,1-DISTRIBUTOR,,K23435,ACTIVE,2/6/2012
K23438,MS PARTS INC,,130 BRADWICK DRIVE UNIT 2,,CONCORD ONTARIO,,CANADA,CAN-CANADA,L4K 1K8,,,0,8-DIRECT CUSTOMER,,K23438,ACTIVE,2/6/2012
K23439,INDEPENDENT REFRIG SERVICE INC,,PO BOX 720,,,,FALLSTON,USA-UNITED STATES,21047,7172272200,7172272200,10000,8-DIRECT CUSTOMER,,K23439,ACTIVE,2/6/2012
K23440,ARCADIA AEROSPACE INDUST PUNTA,,,,,,,,,,,0,8-DIRECT CUSTOMER,,K23440,ACTIVE,2/6/2012
K23442,CODMAN NEUROVASCUALR HIALEAH F,,,,,,,,,,,0,8-DIRECT CUSTOMER,,K23442,ACTIVE,2/6/2012
K23446,DAVIS CALIBRATION BALTIMORE MD,,,,,,,,,,,0,8-DIRECT CUSTOMER,,K23446,ACTIVE,2/6/2012
K23449,GENERAL CONTROLS SYSTEMS LATHA,,,,,,,,,,,0,8-DIRECT CUSTOMER,,K23449,ACTIVE,2/6/2012
K23450,GLENCROFT COPPERSMITHS TONAWAN,,,,,,,,,,,0,8-DIRECT CUSTOMER,,K23450,ACTIVE,2/6/2012
K23451,GREYSTAR CORP HOUSTON TX,,,,,,,,,,,0,8-DIRECT CUSTOMER,,K23451,ACTIVE,2/6/2012
K23452,MCJUNKIN RED MAN CORP,,,,,,,,,,,0,1-DISTRIBUTOR,,C78913,ACTIVE,2/6/2012
K23444,ULVEN FORGING INC,,,,,,,,,,,0,8-DIRECT CUSTOMER,,K23444,ACTIVE,2/6/2012
K23445,MISSOURI FORGE INC,,,,,,,,,,,0,8-DIRECT CUSTOMER,,K23445,ACTIVE,2/6/2012
K23447,ESMARK STEEL GROUP,,,,,,,,,,,0,8-DIRECT CUSTOMER,,K23447,ACTIVE,2/6/2012
K23448,VALLEY TECHNOLOGIES,,,,,,,,,,,0,8-DIRECT CUSTOMER,,K23448,ACTIVE,2/6/2012
K23455,ZHOU ENGINEERING INTL LANCASTE,,,,,,,,,,,0,8-DIRECT CUSTOMER,,K23455,ACTIVE,2/6/2012
K23453,BUCKS MASTER CAR CARE,,12145 TAMIAMI TRAIL,,,,NORTHPORT,USA-UNITED STATES,34287,8414263242,,0,8-DIRECT CUSTOMER,,K23453,ACTIVE,2/6/2012
K23454,LASER SERIVE SOLUTIONS,,,,,,,,,,,0,8-DIRECT CUSTOMER,,K23454,ACTIVE,2/6/2012
K23456,H F RUBBER MACHINERY BURLINGTO,,,,,,,,,,,0,8-DIRECT CUSTOMER,,K23456,ACTIVE,2/6/2012
K23458,STERLING BOILER LAWRENCE KS,,,,,,,,,,,0,8-DIRECT CUSTOMER,,K23458,ACTIVE,2/6/2012
K23459,FUHUA VALVE CO LTD ZHEJIANG PR,,,,,,,,,,,0,8-DIRECT CUSTOMER,,K23459,ACTIVE,2/6/2012
K23460,FRONTIER POWER PRODUCTS LTD,,7983 PROGRESS WAY,,DELTA,,CANADA,CAN-CANADA,V4G 1A3,6049465531,6049467723,25054,8-DIRECT CUSTOMER,,K23460,ACTIVE,2/6/2012
K23461,IRWIN INDL AGENCIES RICHMOND H,,,,,,,,,,,0,1-DISTRIBUTOR,,K23461,ACTIVE,2/6/2012
K23462,AIRGAS GREAT LAKES INC KALAMAZ,,,,,,,,,,,0,1-DISTRIBUTOR,,K29479,ACTIVE,2/6/2012
K23464,HOAD INC,,,,,,,,,,,0,8-DIRECT CUSTOMER,,K23464,ACTIVE,2/6/2012
K23465,SERVICE ELECTRONICS SALES EVEL,,,,,,,,,,,0,8-DIRECT CUSTOMER,,K23465,ACTIVE,2/6/2012
K23466,ARNOTT MERRIT ISLAND FL,,,,,,,,,,,0,8-DIRECT CUSTOMER,,K23466,ACTIVE,2/6/2012
K23467,K R T IND OCEANSIDE CA,,,,,,,,,,,0,8-DIRECT CUSTOMER,,K23467,ACTIVE,2/6/2012
K23468,ARTCO GROUP INTERNATIONAL,,,,,,,,,,,0,8-DIRECT CUSTOMER,,K23468,ACTIVE,2/6/2012
K23470,PRO DEX CARSON CITY NV,,,,,,,,,,,0,8-DIRECT CUSTOMER,,K23470,ACTIVE,2/6/2012
K23471,XENDATA WALNUT CREK CA,,,,,,,,,,,0,8-DIRECT CUSTOMER,,K23471,ACTIVE,2/6/2012
K23469,DEA SOUTH CENTRAL LAB,,10150 EAST TECHNOLOGY BLVD,ATTN 0282,VICTOR BRAVENEC,,DALLAS,USA-UNITED STATES,75220,9725597924,,0,3-GOVERNMENT,X-US GOVERNMENT,K23469,ACTIVE,2/6/2012
K23472,AMERICAN MUSEUM NEW YORK NY,,,,,,,,,,,0,8-DIRECT CUSTOMER,,K23472,ACTIVE,2/6/2012
K23473,NORTHFIELD PRECISION ISLAND P,,,,,,,,,,,0,8-DIRECT CUSTOMER,,K23473,ACTIVE,2/6/2012
K23397,PRORATA,,,,,,,,,,,0,8-DIRECT CUSTOMER,,K23397,ACTIVE,2/7/2012
K23474,SADECO CALIBRATION SERVICES,,,,,,,,,,,0,8-DIRECT CUSTOMER,,K23474,ACTIVE,2/7/2012
K23475,BMG ENGINEERING AND SERVICES,,,,,,,,,,,0,8-DIRECT CUSTOMER,,K23475,ACTIVE,2/7/2012
K23476,PT SAMN SATYA WIJAYA,,,,,,,,,,,0,1-DISTRIBUTOR,,K23476,ACTIVE,2/7/2012
K23477,R2I CONSULT,,,,,,,,,,,0,1-DISTRIBUTOR,,K23477,ACTIVE,2/7/2012
K23479,无锡HENGWEILISHI启东,,,,,,,,,,,0,8-DIRECT CUSTOMER,,K23479,ACTIVE,2/7/2012
K23478,MICONEX,,,,,,,,,,,0,8-DIRECT CUSTOMER,,K23478,ACTIVE,2/7/2012
K23480,SCHNEIDER GMBH & CO.KG,,,,,,,,,,,0,8-DIRECT CUSTOMER,,K23480,ACTIVE,2/7/2012
K23484,BRETON SPA,,,,,,,,,,,0,8-DIRECT CUSTOMER,,K23484,DEACTIVATED,2/7/2012
K23485,GLASS CONTAINER PRIM,,,,,,,,,,,0,8-DIRECT CUSTOMER,,K23485,ACTIVE,2/7/2012
K23486,ELTERM ZIAJA WALDEMAR,,,,,,,,,,,0,8-DIRECT CUSTOMER,,K23486,ACTIVE,2/7/2012
K23487,PRZEDS BUDOWY DROG I MOSTOW,,,,,,,,,,,0,8-DIRECT CUSTOMER,,K23487,ACTIVE,2/7/2012
K23489,AUTOTRANS PIOTR JOJKO,,,,,,,,,,,0,8-DIRECT CUSTOMER,,K23489,ACTIVE,2/7/2012
K23503,ADVANCED ENVIRONMENTAL CHINO C,,,,,,,,,,,0,8-DIRECT CUSTOMER,,K23503,ACTIVE,2/7/2012
K23502,AYEL END.YIKAMA SIS.IM.SAN.IST,,,,,,,,,,,0,8-DIRECT CUSTOMER,,K23502,ACTIVE,2/7/2012
K23507,UZMAN MAKINA MTL SN.VE TIC.,,,,,,,,,,,0,8-DIRECT CUSTOMER,,K23507,ACTIVE,2/7/2012
K23492,METAL PROJECT SRL,,,,,,,,,,,0,8-DIRECT CUSTOMER,,K23492,ACTIVE,2/7/2012
K23504,VERNAY EUROPA B.,,,,,,,,,,,0,8-DIRECT CUSTOMER,,K23504,ACTIVE,2/7/2012
K23493,CHIORINO SWIDNICA SP Z OO,,,,,,,,,,,0,8-DIRECT CUSTOMER,,K23493,ACTIVE,2/7/2012
K23495,DEVOTRONIC SP Z O O,,,,,,,,,,,0,8-DIRECT CUSTOMER,,K23495,ACTIVE,2/7/2012
K23498,BOSSARD ITALIA SRL,,,,,,,,,,,0,8-DIRECT CUSTOMER,,K23498,DEACTIVATED,2/7/2012
K23497,RI ME SRL,,,,,,,,,,,0,8-DIRECT CUSTOMER,,K23497,ACTIVE,2/7/2012
K23501,DAYSOFT LIMITED,,,,,,,,,,,0,8-DIRECT CUSTOMER,,K23501,ACTIVE,2/7/2012
K23499,HOSEPOWER USA,,,,,,,,,,,0,8-DIRECT CUSTOMER,,C93607,ACTIVE,2/7/2012
K23505,YANCEY TRUCK CENTERS,,,,,,,,,,,0,8-DIRECT CUSTOMER,,987916,ACTIVE,2/7/2012
K23506,NORTH CENTRAL INTERNATIONAL,,,,,,,,,,,0,8-DIRECT CUSTOMER,,K23506,ACTIVE,2/7/2012
K23508,SAMUEL ADAMS,,7880 PENN DRIVE,ATTN: KATHY STROHLER,,,BREINIGSVILLE,USA-UNITED STATES,18031,6103914712,,0,8-DIRECT CUSTOMER,E-CR CHECK,K23508,ACTIVE,2/7/2012
K23513,XHALE INC,,3630 SW 47TH AVENUE,SUITE 100,,,GAINESVILLE,USA-UNITED STATES,32608,3523718488,,0,8-DIRECT CUSTOMER,,K23513,ACTIVE,2/7/2012
K23514,AMCOR RIGID PLASTICS NICHOLASV,,,,,,,,,,,0,8-DIRECT CUSTOMER,,K23514,ACTIVE,2/7/2012
K23353,MATERIALES TIJUANA SA,,11022 MADRIGAL STR,,,,SAN DIEGO,USA-UNITED STATES,92129,6646828266,,0,8-DIRECT CUSTOMER,,K23353,ACTIVE,2/7/2012
K23515,BRENNAN INDUSTRIES INC EL TORO,,,,,,,,,,,0,8-DIRECT CUSTOMER,,K23515,ACTIVE,2/7/2012
K23516,BRENNAN INDUSTRIES INC LAKE FO,,,,,,,,,,,0,8-DIRECT CUSTOMER,,K23516,ACTIVE,2/7/2012
K23517,NATIONAL MACHINE SPECIALTY MIL,,,,,,,,,,,0,8-DIRECT CUSTOMER,,K23517,ACTIVE,2/7/2012
K23518,BEST JOINT ELECTRONICS CO HSHI,,,,,,,,,,,0,8-DIRECT CUSTOMER,,K23518,ACTIVE,2/7/2012
K23519,METAMATION INC RENO NV,,,,,,,,,,,0,8-DIRECT CUSTOMER,,K23519,ACTIVE,2/7/2012
K23520,XSTRATA PLC,,,,,,,,,,,0,1-DISTRIBUTOR,,K23520,ACTIVE,2/7/2012
K23521,GESCO ONTARIO CA,,,,,,,,,,,0,8-DIRECT CUSTOMER,,K23521,ACTIVE,2/7/2012
K23522,WILDCAT WIRELINE CAMBRIDGE OH,,,,,,,,,,,0,8-DIRECT CUSTOMER,,K23522,ACTIVE,2/7/2012
K23523,WILDCAT WIRELINE DILLEY TX,,,,,,,,,,,0,8-DIRECT CUSTOMER,,K23523,ACTIVE,2/7/2012
K23524,LEHIGH TECHNOLOGIES,,,,,,,,,,,0,8-DIRECT CUSTOMER,,K23524,ACTIVE,2/7/2012
K23525,TRI NET INC FONTANA CA,,,,,,,,,,,0,8-DIRECT CUSTOMER,,K23525,ACTIVE,2/7/2012
K23526,BOWMANS HYDRAULIC,,,,,,,,,,,0,8-DIRECT CUSTOMER,,K23526,ACTIVE,2/7/2012
K23527,VISTA METALS GEORGIA ADAIRSVIL,,,,,,,,,,,0,8-DIRECT CUSTOMER,,K23527,ACTIVE,2/7/2012
K23529,WESTERN STATES HIGH-REACH,,,,,,,,,,,0,8-DIRECT CUSTOMER,,K23529,ACTIVE,2/7/2012
K23528,EASTMAN KODAK COMPANY,,GRAPHICS COMMUNICATIONS GROUP,1999 LAKE AVENUE,,,ROCHESTER,USA-UNITED STATES,14650,5857221253,,0,8-DIRECT CUSTOMER,,K23528,ACTIVE,2/7/2012
K23530,TOWER AEROSPACE INC NELSON BRC,,,,,,,,,,,0,8-DIRECT CUSTOMER,,K23530,ACTIVE,2/7/2012
K23531,P K MIDWEST INC,,,,,,,,,,,0,1-DISTRIBUTOR,,K23531,ACTIVE,2/7/2012
K23532,CONSOLIDATED CONTAINER,,,,,,,,,,,0,1-DISTRIBUTOR,,K23532,ACTIVE,2/7/2012
K23533,P K MIDWEST INC,,,,,,,,,,,0,1-DISTRIBUTOR,,K23533,ACTIVE,2/7/2012
K23534,C A D LOGIC SYSTEMS SOUTH KEAR,,,,,,,,,,,0,8-DIRECT CUSTOMER,,K23534,ACTIVE,2/7/2012
K23535,L H FOUR ASSOC WEST PALM BEACH,,,,,,,,,,,0,8-DIRECT CUSTOMER,,K23535,ACTIVE,2/7/2012
K23536,KAYDON CORP KNOXVILLE TN,,,,,,,,,,,0,8-DIRECT CUSTOMER,,K23536,ACTIVE,2/7/2012
K23539,WESTERN LAB,,,,,,,,,,,0,8-DIRECT CUSTOMER,,K23539,ACTIVE,2/7/2012
K23540,FLUITEC SP SIST HIDRA E PNEU,,,,,,,,,,,0,8-DIRECT CUSTOMER,,K23540,DEACTIVATED,2/7/2012
K23541,TRYCOM INC,,3906 INDUSTRIAL STREET # 300,,,,ROWLETT,USA-UNITED STATES,75088,9724126328,,0,1-DISTRIBUTOR,,K23541,ACTIVE,2/7/2012
K23543,JA BEVERAGE,,,,,,,,,,,0,8-DIRECT CUSTOMER,,K23543,ACTIVE,2/8/2012
K23545,JIN HEUNG GI EOB,,,,,,,,,,,0,8-DIRECT CUSTOMER,,K23545,ACTIVE,2/8/2012
K23548,E.ON FRAFTWERKE GMBH,,,,,,,,,,,0,8-DIRECT CUSTOMER,,K23548,ACTIVE,2/8/2012
K23547,DHL WW EXPRES TAS.VE  TURKIYE,,,,,,,,,,,0,8-DIRECT CUSTOMER,,K23547,ACTIVE,2/8/2012
K23550,PLASTIQUE FORME INTERNATIONAL,,,,,,,,,,,0,8-DIRECT CUSTOMER,,K23550,ACTIVE,2/8/2012
K23551,ASOS TEK.ELK INS.SAN,,,,,,,,,,,0,8-DIRECT CUSTOMER,,K23551,ACTIVE,2/8/2012
K23552,FRIEDRICH AIR CONDITIONING CO,,10001 REUNION PLACE,,,,SAN ANTONIO,USA-UNITED STATES,78216,2103574400,,0,8-DIRECT CUSTOMER,,K23552,ACTIVE,2/8/2012
K23553,NUOVAPLAST SRL,,,,,,,,,,,0,1-DISTRIBUTOR,,K23553,ACTIVE,2/8/2012
K23554,G B L OFFICINA MECCANICA SRL,,,,,,,,,,,0,8-DIRECT CUSTOMER,,K23554,ACTIVE,2/8/2012
K23555,SYNTECO DI VANNI G E D SPARE P,,,,,,,,,,,0,8-DIRECT CUSTOMER,,K23555,ACTIVE,2/8/2012
K23557,GUILMAN,,,,,,,,,,,0,1-DISTRIBUTOR,,G05046,ACTIVE,2/8/2012
K23558,TECSOLUT LTD,,ADOM ST,,,,,,,,,,,,,,
K23561,BOIS SAXBY DEAUVILLE QUE,,,,,,,,,,,0,8-DIRECT CUSTOMER,,K23561,ACTIVE,2/8/2012
K23559,VS4TURBO,,,,,,,,,,,0,8-DIRECT CUSTOMER,,K23559,ACTIVE,2/8/2012
K23562,CENTRE DE FORMATION PROF SHERB,,,,,,,,,,,0,8-DIRECT CUSTOMER,,K23562,ACTIVE,2/8/2012
K23560,CITY OF FOREST CITY,,306 EAST J STREET,,,,FOREST CITY,USA-UNITED STATES,50436,6415854343,,0,8-DIRECT CUSTOMER,,K23560,ACTIVE,2/8/2012
K23563,DENEIGE EXPRESS SHERBROOKE QUE,,,,,,,,,,,0,8-DIRECT CUSTOMER,,K23563,ACTIVE,2/8/2012
K23564,FIBRES ARMTEK SHERBROOKE QUE,,,,,,,,,,,0,8-DIRECT CUSTOMER,,K23564,ACTIVE,2/8/2012
K23565,GRUES MARTEL SHERBROOKE WUE,,,,,,,,,,,0,8-DIRECT CUSTOMER,,K23565,ACTIVE,2/8/2012
K23567,AEROMAX INDUSTRIES CANOGA PARK,,,,,,,,,,,0,8-DIRECT CUSTOMER,,K23567,ACTIVE,2/8/2012
K23568,TRANS OFFICE ANNISTON AL,,,,,,,,,,,0,8-DIRECT CUSTOMER,,K23568,ACTIVE,2/8/2012
K23569,TRAFFIC MANAGEMENT CAMP PENDLE,,,,,,,,,,,0,8-DIRECT CUSTOMER,,K23569,ACTIVE,2/8/2012
K23570,ASUS COMPUTER INTL,,800 CORPORATE WAY,,,,FREMONT,USA-UNITED STATES,94539,5107393777,,0,1-DISTRIBUTOR,,K23570,ACTIVE,2/8/2012
K23572,HOSE TECH USA FORT WORTH TX,,,,,,,,,,,0,8-DIRECT CUSTOMER,,K23572,ACTIVE,2/8/2012
K23571,LOTTE CHEMICAL UK LTD,,,,,,,,,,,0,8-DIRECT CUSTOMER,,K23571,ACTIVE,2/8/2012
K23573,COPPS SERVICES INC RED DEER AL,,,,,,,,,,,0,8-DIRECT CUSTOMER,,K23573,ACTIVE,2/8/2012
K23574,J B WATERHAULING LTD MILLET AL,,,,,,,,,,,0,8-DIRECT CUSTOMER,,K23574,ACTIVE,2/8/2012
K23575,REBEL ENERGY RED DEER ALB,,,,,,,,,,,0,8-DIRECT CUSTOMER,,K23575,ACTIVE,2/8/2012
K23576,SOUTHGATE CHEVEY CALGARY ALB,,,,,,,,,,,0,8-DIRECT CUSTOMER,,K23576,ACTIVE,2/8/2012
K23577,SPECIALTY SERVICES GROUP GAGES,,,,,,,,,,,0,8-DIRECT CUSTOMER,,K23577,ACTIVE,2/8/2012
K23578,ALEXIS AEROSPACE INDUSTRIES,,88 HARWINTON AVE,,,,,,,,,,,,,,
K23579,COBALT SERVICES VENTURA CA,,,,,,,,,,,0,8-DIRECT CUSTOMER,,K23579,ACTIVE,2/8/2012
K23580,D S GREENE INC WAKEFIELD MA,,,,,,,,,,,0,8-DIRECT CUSTOMER,,K23580,ACTIVE,2/8/2012
K23581,LARRY SPUN PRODUCTS LOS ANGELE,,,,,,,,,,,0,8-DIRECT CUSTOMER,,K23581,ACTIVE,2/8/2012
K23582,BRENCO BEARING CO LLC RICHMOND,,,,,,,,,,,0,8-DIRECT CUSTOMER,,K23582,ACTIVE,2/8/2012
K23583,AIRCRAFT SERVICE INTERNATIONAL,,OHARA INTERNATIONAL AIRPORT,NW CORNER OF HANGAR AREA,,,CHICAGO,USA-UNITED STATES,60666,7736867500,7736860134,0,8-DIRECT CUSTOMER,,K06151,ACTIVE,2/8/2012
K23584,ALTER METAL RECYCLING,,,,,,,,,,,0,1-DISTRIBUTOR,,K23584,ACTIVE,2/8/2012
K23586,P S C METALS,,,,,,,,,,,0,8-DIRECT CUSTOMER,,K23586,ACTIVE,2/8/2012
K23585,JIM WILKINSON IRON & STEEL,,,,,,,,,,,0,1-DISTRIBUTOR,,K23585,ACTIVE,2/8/2012
K23587,OMNISOURCE CORP,,,,,,,,,,,0,1-DISTRIBUTOR,,K23587,ACTIVE,2/8/2012
K23588,MARTIN BROS SCRAP,,,,,,,,,,,0,1-DISTRIBUTOR,,K23588,ACTIVE,2/8/2012
K23589,CLAYTON COUNTY RECYCLING INC,,,,,,,,,,,0,8-DIRECT CUSTOMER,,K23589,ACTIVE,2/8/2012
K23590,MH US PORTAGE_DISTRIBUTION CTR,,,,,,,,,,,0,8-DIRECT CUSTOMER,,K23590,ACTIVE,2/8/2012
K23591,VERNON WATER POLLUTION,,CONTROL FACILITY,PO BOX 22,,,VERNON,USA-UNITED STATES,6066,8608703545,,0,1-DISTRIBUTOR,,K23591,ACTIVE,2/8/2012
K23592,JACOBS ENGINEERING,,777 MAIN ST,,,,FORT WORTH,USA-UNITED STATES,76102,9253133567,,0,8-DIRECT CUSTOMER,,464989,ACTIVE,2/8/2012
K23593,D I ENGINE CORP AMERICA ARVADA,,,,,,,,,,,0,8-DIRECT CUSTOMER,,K23593,ACTIVE,2/8/2012
K23594,AVENTA TECH DANVERS MA,,,,,,,,,,,0,8-DIRECT CUSTOMER,,K23594,ACTIVE,2/8/2012
K23595,ARNOLD AIR FORCE BASE TULLAHOM,,,,,,,,,,,0,8-DIRECT CUSTOMER,,K23595,ACTIVE,2/8/2012
K23597,SUGARMAN OF VT,,84 INDUSTRIAL RD,,,,HARDWICK,USA-UNITED STATES,5843,8009327700,,0,1-DISTRIBUTOR,,K23597,ACTIVE,2/8/2012
K23599,EVANS PRECISION MACHINING PHOE,,,,,,,,,,,0,8-DIRECT CUSTOMER,,K23599,ACTIVE,2/8/2012
K23600,DESAI AIRE VALENCIA CA,,,,,,,,,,,0,8-DIRECT CUSTOMER,,K23600,ACTIVE,2/8/2012
K23601,GLYSENS SAN DIEGO CA,,,,,,,,,,,0,8-DIRECT CUSTOMER,,K23601,ACTIVE,2/8/2012
K23602,VISTA CONTROL SYSTEMS CORP PHO,,,,,,,,,,,0,8-DIRECT CUSTOMER,,K23602,ACTIVE,2/8/2012
K23603,LINEAGE TUSTIN CA,,,,,,,,,,,0,8-DIRECT CUSTOMER,,K23603,ACTIVE,2/8/2012
K23604,AVTECH CORPORATION,,6500 MERRILL CREEK PARKWAY,,,,EVERETT,USA-UNITED STATES,98203,4252494575,,100004,8-DIRECT CUSTOMER,,K23604,ACTIVE,2/8/2012
K23605,W O G SUPPLIES,,625 E HONDO AVE,,,,DEVINE,USA-UNITED STATES,78016,8306636100,,0,1-DISTRIBUTOR,,K23605,ACTIVE,2/8/2012
K23606,C A DESIGN,,180 CROSBY ROAD,,,,DOVER,USA-UNITED STATES,3820,6037496755,6037495281,50000,8-DIRECT CUSTOMER,,K23606,ACTIVE,2/8/2012
K23607,CORE DESIGN INC,,241 CANTON STEET,,,,WESTWOOD,USA-UNITED STATES,2090,7815692327,,0,8-DIRECT CUSTOMER,,K23607,ACTIVE,2/8/2012
K23609,HOWARD WIRE CLOTH COMPANY,,28976-A HOPKINS STREET,,,,HAYWARD,USA-UNITED STATES,94545,5108878787,,0,1-DISTRIBUTOR,,K23609,ACTIVE,2/9/2012
K23611,INNOVATIVE TECHNO SOLUTIONS,,,,,,,,,,,0,8-DIRECT CUSTOMER,,K23611,ACTIVE,2/9/2012
K23613,RAUMASTER PAPER OY,,PAPERITEOLLISUUS,SAHANKATU 2,,,RAUMA,FIN-FINLAND,26100,2837744,,0,8-DIRECT CUSTOMER,,K23613,ACTIVE,2/9/2012
K23621,CHEM DRY FRANKLIN FRANKLIN TN,,,,,,,,,,,0,8-DIRECT CUSTOMER,,K23621,ACTIVE,2/9/2012
K23622,AMQUIP LLC NASHVILLE TN,,,,,,,,,,,0,8-DIRECT CUSTOMER,,K23622,ACTIVE,2/9/2012
K23624,BRITTON BRIDGE LLC MT JULIET T,,,,,,,,,,,0,8-DIRECT CUSTOMER,,K23624,ACTIVE,2/9/2012
K23625,MADISON ACADEMY LAUNDRY NASHVI,,,,,,,,,,,0,8-DIRECT CUSTOMER,,K23625,ACTIVE,2/9/2012
K23628,BATEY ROGER TRUCK EQUIP NASHVI,,,,,,,,,,,0,8-DIRECT CUSTOMER,,K23628,ACTIVE,2/9/2012
K23614,ELEMENTIS SPECIALTIES NETHERL,,,,,,,,,,,0,8-DIRECT CUSTOMER,,K23614,ACTIVE,2/9/2012
K23615,BRACHTHAEUSER MINERALOEL GMBH,,,,,,,,,,,0,8-DIRECT CUSTOMER,,K23615,ACTIVE,2/9/2012
K23616,CEMAVI COMERCIAL ELETRICA LTDA,,,,,,,,,,,0,1-DISTRIBUTOR,,K23616,ACTIVE,2/9/2012
K23617,FORI AUTOMATION DE BRASIL AUTO,,,,,,,,,,,0,8-DIRECT CUSTOMER,,K23617,ACTIVE,2/9/2012
K23618,INTER NEW MAQUINAS AGRICOLAS L,,,,,,,,,,,0,1-DISTRIBUTOR,,K23618,ACTIVE,2/9/2012
K23630,ASKIY APOY HAUL GP LTD ONION L,,,,,,,,,,,0,8-DIRECT CUSTOMER,,K23630,ACTIVE,2/9/2012
K23632,BIG IRON OILFIELD SVC LASHBURN,,,,,,,,,,,0,1-DISTRIBUTOR,,K23632,ACTIVE,2/9/2012
K23619,VOTORANTIM CIMENTOS S/A,,,,,,,,,,,0,8-DIRECT CUSTOMER,,K99845,ACTIVE,2/9/2012
K23634,DUKES TANK TRUCK SERVICE CHAUV,,,,,,,,,,,0,1-DISTRIBUTOR,,K23634,ACTIVE,2/9/2012
K23636,SPUTTERTEK LLC WINDSOR CA,,,,,,,,,,,0,8-DIRECT CUSTOMER,,K23636,ACTIVE,2/9/2012
K23637,J P D ENTERPRISES LTD ELK POIN,,,,,,,,,,,0,1-DISTRIBUTOR,,K23637,ACTIVE,2/9/2012
K23639,MAD OILFIELD SOLUTIONS PLAMOND,,,,,,,,,,,0,8-DIRECT CUSTOMER,,K23639,ACTIVE,2/9/2012
K23626,JENNIE O TURKEY STORE,,,,,,,,,,,0,8-DIRECT CUSTOMER,,K23626,ACTIVE,2/9/2012
K23627,SENSUS,,639 DAVIS DRIVE,,,,MORRISVILLE,USA-UNITED STATES,27560,9193176368,9193176210,0,8-DIRECT CUSTOMER,,K23627,ACTIVE,2/9/2012
K23640,TRIPLE T OILFIELD SERVICE CALG,,,,,,,,,,,0,8-DIRECT CUSTOMER,,K23640,ACTIVE,2/9/2012
K23641,WEATHERFORD WIRELINE LLOYDMINS,,,,,,,,,,,0,8-DIRECT CUSTOMER,,955708,ACTIVE,2/9/2012
K23642,COMPLETION SOLUTIONS INC CROSS,,,,,,,,,,,0,8-DIRECT CUSTOMER,,K23642,ACTIVE,2/9/2012
K23633,RUBEDA TECNICA EUROPEA LAS,,,,,,,,,,,0,1-DISTRIBUTOR,,K23633,ACTIVE,2/9/2012
K23635,SILICON VALLEY MECHANICAL,,2087 RINGWOOD AVE,SUITE 50,,,SANTA FE,USA-UNITED STATES,95131,4085688128,,0,8-DIRECT CUSTOMER,,K23635,ACTIVE,2/9/2012
K23646,GRAINGER W W,,,,,,,,,,,0,1-DISTRIBUTOR,,374216,ACTIVE,2/9/2012
K23645,PEAKE FRUIT LTD,,,,,,,,,,,0,8-DIRECT CUSTOMER,,K23645,ACTIVE,2/9/2012
K23620,JEREMY ENTERPRISES TORTOLA KY,,,,,,,,,,,0,8-DIRECT CUSTOMER,,K23620,ACTIVE,2/9/2012
K23608,441620,,2 MAVERICK PLACE,,PARADISE NEWFOUNDLAND,,CANADA,CAN-CANADA,A1L 0H6,9024686640,,0,1-DISTRIBUTOR,,441620,DEACTIVATED,2/9/2012
K23648,PERFECT EQP WARREN CAT,,5100 WEST RENO,,,,OK CITY,USA-UNITED STATES,73127,4059174478,,0,1-DISTRIBUTOR,,K23648,ACTIVE,2/9/2012
K23649,MURPHY TRACTOR EQUIP CO,,,,,,,,,,,0,1-DISTRIBUTOR,,K25077,ACTIVE,2/9/2012
K23650,MURPHY TRACTOR EQUIP CO,,,,,,,,,,,0,1-DISTRIBUTOR,,K25077,ACTIVE,2/9/2012
K23647,MIKE JONES AVIONICS AND MAINT,,1932 MEMORIAL BLVD,,,,MURFREESBORO,USA-UNITED STATES,37129,6158965678,6158965688,0,8-DIRECT CUSTOMER,,K23647,ACTIVE,2/9/2012
K23652,FOCUS OIL TOOLS SPRING TX,,,,,,,,,,,0,8-DIRECT CUSTOMER,,K23652,ACTIVE,2/9/2012
K23656,COOPER SURGICAL MINNETONKA MN,,,,,,,,,,,0,8-DIRECT CUSTOMER,,K23656,ACTIVE,2/9/2012
K23657,GOODRIDGE USA INC MOORESVILLE,,,,,,,,,,,0,8-DIRECT CUSTOMER,,K23657,ACTIVE,2/9/2012
K23658,RECON EXPERT ROBERVAL QUE,,,,,,,,,,,0,8-DIRECT CUSTOMER,,K23658,ACTIVE,2/9/2012
K23659,UNIVERSAL MOBILE INDUSTRIAL GU,,,,,,,,,,,0,1-DISTRIBUTOR,,K23659,ACTIVE,2/9/2012
K23660,SAKAI HEAVY INDUSTRIES LTD,,,,,,,,,,,0,8-DIRECT CUSTOMER,,K23660,ACTIVE,2/9/2012
K23662,MICHIGAN VALVE FTG RIVERTON WY,,,,,,,,,,,0,8-DIRECT CUSTOMER,,K23662,ACTIVE,2/9/2012
K23665,ORANGE COUNTY TRANS AUTH SANTA,,,,,,,,,,,0,8-DIRECT CUSTOMER,,K23665,ACTIVE,2/9/2012
K23663,CIVMEC CONSTRUCTION HENDERSON,,,,,,,,,,,0,8-DIRECT CUSTOMER,,K23663,ACTIVE,2/9/2012
K23664,R T I TECHNOLOGIES LLC,,32 LAKE ROAD,,,,COLUMBIA,USA-UNITED STATES,6237,8603064772,8602283095,25054,8-DIRECT CUSTOMER,,K23664,ACTIVE,2/9/2012
K23661,THOMSETT GROUP MACKAY QLD AUSL,,,,,,,,,,,0,8-DIRECT CUSTOMER,,K23661,ACTIVE,2/9/2012
K23666,R J F INDUSTRIAL SAN DIEGO CA,,,,,,,,,,,0,8-DIRECT CUSTOMER,,K23666,ACTIVE,2/9/2012
K23667,SINOSCAN INC LANSING MI,,,,,,,,,,,0,8-DIRECT CUSTOMER,,K23667,ACTIVE,2/9/2012
K23668,TOOL HOUSE THE DIV OF MSC GALL,,,,,,,,,,,0,8-DIRECT CUSTOMER,,K23668,ACTIVE,2/9/2012
K23669,NORTHROP GRUMMAN MINNETONKA MN,,,,,,,,,,,0,8-DIRECT CUSTOMER,,657798,ACTIVE,2/9/2012
K23670,SORIN SPA,,,,,,,,,,,0,8-DIRECT CUSTOMER,,K23670,ACTIVE,2/9/2012
K23674,ABNOTE USA,,225 RIVERMORE STREET,,,,BOSTON,USA-UNITED STATES,2132,6173259600,,0,8-DIRECT CUSTOMER,,K23674,ACTIVE,2/9/2012
K23672,PACKARD INC,,1925 SHILOH ROAD,,,,KENNESAW,USA-UNITED STATES,30144,7704275765,,0,1-DISTRIBUTOR,,K23672,ACTIVE,2/9/2012
K23671,PINNACLE FOODS,,400 4TH ST SW,,,,WASECA,USA-UNITED STATES,56093,5078351320,,0,8-DIRECT CUSTOMER,,K23671,ACTIVE,2/9/2012
K23673,FASTENAL COMPANY,,,,,,,,,,,0,1-DISTRIBUTOR,,312243,ACTIVE,2/9/2012
K23675,EUGENE BUZZELLI,,26620 159TH AVE S E,,,,COVINGTON,USA-UNITED STATES,98042,,,0,6-PARKER HANNIFIN,G-INTER DIV,688262,ACTIVE,2/9/2012
K23678,AAM INTERNATIONAL SARL,,RUE GABRIEL LIPPMANN 9,,5365 MUNSBACH,,LUXEMBOURG,LUX-LUXEMBOURG,,,,0,8-DIRECT CUSTOMER,,K23678,ACTIVE,2/10/2012
K23684,SPECTEKHNOGAZ,,,,,,,,,,,0,8-DIRECT CUSTOMER,,K23684,ACTIVE,2/10/2012
K23693,ONE STOP AIR SHOP LIMITED,,,,,,,,,,,0,1-DISTRIBUTOR,,B99221,ACTIVE,2/10/2012
K23697,GENERAL DYNAMICS LAND VERGENNE,,,,,,,,,,,0,8-DIRECT CUSTOMER,,353601,ACTIVE,2/10/2012
K23696,OSCAR RENDA CONTRACTING SUNNYV,,,,,,,,,,,0,8-DIRECT CUSTOMER,,K23696,ACTIVE,2/10/2012
K23694,J61518,,,,,,,,,,,0,1-DISTRIBUTOR,,J61518,DEACTIVATED,2/10/2012
K23677,S M C,,FREE ZONE COYOL,BUILDING B13 STREET #4,,,,,,,,,,,,,
K23698,SUPERIOR FABRICATION GRANDVIEW,,,,,,,,,,,0,8-DIRECT CUSTOMER,,K23698,ACTIVE,2/10/2012
K23699,HARBOR SHARED SERVICES PHOENIX,,,,,,,,,,,0,8-DIRECT CUSTOMER,,K23699,ACTIVE,2/10/2012
K23679,COR ENGINEERED COOLING,,,,,,,,,,,0,8-DIRECT CUSTOMER,,K23679,ACTIVE,2/10/2012
K23680,ENERFLEX SERVICE PTY LTD,,,,,,,,,,,0,1-DISTRIBUTOR,,K23680,ACTIVE,2/10/2012
K23681,O LI EN SEU GEUM SOG,,,,,,,,,,,0,8-DIRECT CUSTOMER,,K23681,ACTIVE,2/10/2012
K23709,SALEH SAEED BAOSMAN TRD.EST,,,,,,,,,,,0,1-DISTRIBUTOR,,795918,ACTIVE,2/10/2012
K23682,MO TEO IL IL SA,,,,,,,,,,,0,8-DIRECT CUSTOMER,,K23682,ACTIVE,2/10/2012
K23683,NEW CRUZ SHIPBUILDING AND,,,,,,,,,,,0,8-DIRECT CUSTOMER,,K23683,ACTIVE,2/10/2012
K23710,NIJEIDI INDUSTRIAL SUPPLY,,,,,,,,,,,0,1-DISTRIBUTOR,,A55687,ACTIVE,2/10/2012
K23686,DAIS PETROL EQUIPMENT SRL BUC,,,,,,,,,,,0,1-DISTRIBUTOR,,K23686,ACTIVE,2/10/2012
K23688,TITSCHKUS & WITTROCK GMBH & CO.KG,,HENLEINSTR. 9A,,,,STUHR,DEU-GERMANY,28816,49548754210,,0,8-DIRECT CUSTOMER,,K23688,ACTIVE,2/10/2012
K23713,COMERCIAL MARHUENDA,,,,,,,,,,,,,,,,
K23689,HELLA INNENLEUCHTEN SYSTEME,,,,,,,,,,,0,8-DIRECT CUSTOMER,,K23689,ACTIVE,2/10/2012
K23690,HEYCOMFORT GMBH,,,,,,,,,,,0,8-DIRECT CUSTOMER,,K23690,ACTIVE,2/10/2012
K23691,MOORES AUTO PAINT_INC,,2805 NEWBY ROAD SW,SUITE A,,,HUNTSVILLE,USA-UNITED STATES,35805,2565341575,2565341618,20015,1-DISTRIBUTOR,,K23691,ACTIVE,2/10/2012
K23692,ZION COMPONENTS CORP,,3840 WEST HILLBORO BLVD,SUITE 168,,,DEERFIELD BEACH,USA-UNITED STATES,33442,9543695548,,0,8-DIRECT CUSTOMER,C-COLLECTION,K23692,ACTIVE,2/10/2012
K23695,ASTRO TECNOL INDUSTRIA E COMER,,,,,,,,,,,0,8-DIRECT CUSTOMER,,K23695,ACTIVE,2/10/2012
K23701,G M C C A 17157,,,,,,,,,,,0,8-DIRECT CUSTOMER,,K23701,ACTIVE,2/10/2012
K23702,IVRI IST DI VIGILANZA RIUNITI,,,,,,,,,,,0,8-DIRECT CUSTOMER,,K23702,ACTIVE,2/10/2012
K23703,MB COSTRUZIONI METALLICHE,,,,,,,,,,,0,8-DIRECT CUSTOMER,,K23703,ACTIVE,2/10/2012
K23704,NEWELL RECYCLING OF SAN ANTONI,,,,,,,,,,,0,8-DIRECT CUSTOMER,,K23704,ACTIVE,2/10/2012
K23705,INTEGRITY METALS INC,,,,,,,,,,,0,1-DISTRIBUTOR,,K23705,ACTIVE,2/10/2012
K23706,MEK SYSTEM SRL,,,,,,,,,,,0,8-DIRECT CUSTOMER,,K23706,ACTIVE,2/10/2012
K23714,DRACON SP Z.O.O.,,,,,,,,,,,0,1-DISTRIBUTOR,,K23714,DEACTIVATED,2/10/2012
K23707,PMS PLASTIC MACHINERY SERVICE,,,,,,,,,,,0,8-DIRECT CUSTOMER,,K23707,ACTIVE,2/10/2012
K23708,CI ELLE VERNICIATURA SRL,,,,,,,,,,,0,8-DIRECT CUSTOMER,,K23708,ACTIVE,2/10/2012
K23715,LUBNAR SC,,,,,,,,,,,0,1-DISTRIBUTOR,,B40390,ACTIVE,2/10/2012
K23712,C C K AUTOMATIONS INC,,500 CAPITOL WAY,,,,JACKSONVILLE,USA-UNITED STATES,62650,2172436040,2172454105,0,8-DIRECT CUSTOMER,,K23712,ACTIVE,2/10/2012
K23718,AN-DRE SYSTEM SP. Z O.O.,,,,,,,,,,,0,1-DISTRIBUTOR,,C35418,ACTIVE,2/10/2012
K23717,FERGUSON ENTERPRISES INC,,,,,,,,,,,0,1-DISTRIBUTOR,,K23717,ACTIVE,2/10/2012
K23719,E S ELECTRI CORD S DE RL DE CV,,AV CAMINO AL ITESO 8499 NAVE 5,COL EL MANTE,TLAQUEPAQU JALISCO,,MEXICO,MEX-MEXICO,45080,5.23E+11,,10000,8-DIRECT CUSTOMER,,K23719,ACTIVE,2/10/2012
K23720,WARREN AUTOMOTIVE,,,,,,,,,,,0,8-DIRECT CUSTOMER,,K23720,ACTIVE,2/10/2012
K23723,C S WIRELINE SVCS CORPUS CHRIS,,,,,,,,,,,0,8-DIRECT CUSTOMER,,K23723,ACTIVE,2/10/2012
K23724,RENEGADE SERVICES ROSHARON TX,,,,,,,,,,,0,8-DIRECT CUSTOMER,,K23724,ACTIVE,2/10/2012
K23725,THRUBIT LLC BRIGHTON CO,,,,,,,,,,,0,8-DIRECT CUSTOMER,,798776,ACTIVE,2/10/2012
K23721,ALL AMERICAN FORKLIFT,,6655S 65TH WESTAVE,,,,TULSA,USA-UNITED STATES,74131,9184465438,,0,8-DIRECT CUSTOMER,,K23721,ACTIVE,2/10/2012
K23722,COUNTY OF KENOSHA,,DIV OF HEALTH SVC LAB,EAST ENTRANCE 2ND FL,8600 SHERIDAN RD,,KENOSHA,USA-UNITED STATES,53143,2626532896,,0,8-DIRECT CUSTOMER,,K23722,ACTIVE,2/10/2012
K23726,NETCYCLE TRADING CORP,,8020 N W 67 ST,,,,MIAMI,USA-UNITED STATES,33166,3054708200,,0,8-DIRECT CUSTOMER,,K23726,ACTIVE,2/10/2012
K23729,LABORATORY EQUIPMENT TECH,,12015 NORTHEAST MARX ST,,,,PORTLAND,USA-UNITED STATES,97220,5032562025,,0,8-DIRECT CUSTOMER,,K23729,ACTIVE,2/10/2012
K23746,SIEMS UND KLEIN KG,,,,,,,,,,,0,1-DISTRIBUTOR,,K23746,ACTIVE,2/13/2012
K23747,ANAYA INDUSTRIETECHNIK GMBH,,,,,,,,,,,0,1-DISTRIBUTOR,,C41561,ACTIVE,2/13/2012
K23734,W AND T PTY LTD,,,,,,,,,,,0,1-DISTRIBUTOR,,K23734,ACTIVE,2/13/2012
K23735,SIDAC PTY LTD,,,,,,,,,,,0,8-DIRECT CUSTOMER,,K23735,ACTIVE,2/13/2012
K23736,MASKING SRL,,,,,,,,,,,0,8-DIRECT CUSTOMER,,K23736,ACTIVE,2/13/2012
K23749,INTRAC GROUP AB,,,,,,,,,,,0,8-DIRECT CUSTOMER,,K23749,ACTIVE,2/13/2012
K23737,H L GROUP OY,,PO BOX 23,,,,HELSINKI,FIN-FINLAND,711,207455200,,0,8-DIRECT CUSTOMER,,K23737,ACTIVE,2/13/2012
K23743,N O V E MOSCOW RUS,,,,,,,,,,,0,8-DIRECT CUSTOMER,,635844,ACTIVE,2/13/2012
K23744,RHEINMETALL MAN KASSEL,,,,,,,,,,,0,8-DIRECT CUSTOMER,,K23744,ACTIVE,2/13/2012
K23745,FORDONSTEKNIK NORD AB,,,,,,,,,,,0,8-DIRECT CUSTOMER,,K23745,ACTIVE,2/13/2012
K23750,TOOLS NORD AS IN PLANT,,,,,,,,,,,0,1-DISTRIBUTOR,,K23750,ACTIVE,2/13/2012
K23748,TACTUS TECHNOLOGY INC,,34175 ARDENWOOD BLVD,SUITE 101,,,FREMONT,USA-UNITED STATES,94555,6509187509,,53,8-DIRECT CUSTOMER,H-HOLD,K23748,ACTIVE,2/13/2012
K23751,ADVANCED FLUID SOLUTIONS,,,,,,,,,,,0,1-DISTRIBUTOR,,J87959,ACTIVE,2/13/2012
K23755,EMERGENT PRODUCT DEVELOPMENT,,400 PROFESSIONAL DRIVE,SUITE 400,,,GAITHERSBURG,USA-UNITED STATES,20879,2068380500,,0,8-DIRECT CUSTOMER,,K66664,ACTIVE,2/13/2012
K23754,TENNAN INTERNATIONAL LLC,,24236 ADOLPH AVENUE,,,,TORRANCE,USA-UNITED STATES,90505,,,0,1-DISTRIBUTOR,Z-CREDIT CARD,K23754,ACTIVE,2/13/2012
K23730,SCHOONER INDUSTRIAL,,P O BOX 967,,SAINT JOHN NEW BRUNSWICK,,CANADA,CAN-CANADA,E2L 4E4,,,0,1-DISTRIBUTOR,,840021,DEACTIVATED,2/13/2012
K23756,NEW HORIZONS BAKING CO,,,,,,,,,,,0,8-DIRECT CUSTOMER,,K23756,ACTIVE,2/13/2012
K23757,P K MIDWEST INC,,,,,,,,,,,0,1-DISTRIBUTOR,,K23757,ACTIVE,2/13/2012
K23758,SIMILLCUT LLC,,,,,,,,,,,0,8-DIRECT CUSTOMER,,K23758,ACTIVE,2/13/2012
K23759,P K MIDWEST INC,,,,,,,,,,,0,1-DISTRIBUTOR,,K23759,ACTIVE,2/13/2012
K23760,P K MIDWEST INC,,,,,,,,,,,0,1-DISTRIBUTOR,,K23760,ACTIVE,2/13/2012
K23761,P K MIDWEST INC,,,,,,,,,,,0,1-DISTRIBUTOR,,K23761,ACTIVE,2/13/2012
K23765,MATHES C D INC FRESNO CA,,,,,,,,,,,0,8-DIRECT CUSTOMER,,K23765,ACTIVE,2/13/2012
K23762,PARKER FILTRATION CANADA,,2785 AV FRANCIS HUGHES,,LAVAL QUEBEC,,CANADA,CAN-CANADA,H7L 3J6,4506293030,,0,6-PARKER HANNIFIN,G-INTER DIV,688262,ACTIVE,2/13/2012
K23764,UNIVERSITY OF IOWA,,PHARMACEUTICALS,2340 OLD FARMSTEAD RD,,,IOWA CITY,USA-UNITED STATES,52241,3193354691,,0,8-DIRECT CUSTOMER,,K23764,ACTIVE,2/13/2012
K23767,STEMPLE CREEK FARMERS LLC PETA,,,,,,,,,,,0,8-DIRECT CUSTOMER,,K23767,ACTIVE,2/13/2012
K23768,C S X RAILROAD RIP TRACK WAYCR,,,,,,,,,,,0,8-DIRECT CUSTOMER,,142631,ACTIVE,2/13/2012
K23769,JONES LEON FEED GRAIN CUMMININ,,,,,,,,,,,0,8-DIRECT CUSTOMER,,K23769,ACTIVE,2/13/2012
K23770,OLD DOMINION NATIONAL LEASE EL,,,,,,,,,,,0,8-DIRECT CUSTOMER,,K23770,ACTIVE,2/13/2012
K23771,CHIP SEMICONDUCTOR,,P O BOX 342343,,,,AUSTIN,USA-UNITED STATES,78734,5124238002,2062032009,0,1-DISTRIBUTOR,Z-CREDIT CARD,K23771,ACTIVE,2/13/2012
K23774,I P S C O STUTTGART AR,,,,,,,,,,,0,8-DIRECT CUSTOMER,,K23774,ACTIVE,2/13/2012
K23776,TEX JOE DIESEL LLC,,,,,,,,,,,0,8-DIRECT CUSTOMER,,K23776,DEACTIVATED,2/13/2012
K23777,R S C 126 BOERNE TX,,,,,,,,,,,0,8-DIRECT CUSTOMER,,766855,ACTIVE,2/13/2012
K23778,T S I LAREDO TX,,,,,,,,,,,0,8-DIRECT CUSTOMER,,K23778,ACTIVE,2/13/2012
K23772,BAHAMAS INDUSTRIAL,,3200 SOUTH ANDREWS AVE,,,,FT LAUDERDALE,USA-UNITED STATES,33316,2423525561,,0,8-DIRECT CUSTOMER,,K23772,ACTIVE,2/13/2012
K23773,BAHAMAS INDUSTRIAL TECHNOLOGIE,,,,,,,,,,,0,8-DIRECT CUSTOMER,,K23773,ACTIVE,2/13/2012
K23775,INERGY AUTOMOTIVE SYST (WUHAN),,AUTOMOTIVE INDUSTRY PARK,GUANSHAN YI LU,WUHAN,,CHINA,CHN-CHINA,430223,8.63E+13,,0,8-DIRECT CUSTOMER,,457992,ACTIVE,2/13/2012
K23779,WESTINGHOUSE,,WALTS MILL SIGHT,680 WALTS MILL RD,,,MADISON,USA-UNITED STATES,15663,7247225710,,15000,8-DIRECT CUSTOMER,,K23779,ACTIVE,2/13/2012
K23781,REXAM HEALTHCARE JUAREZ,,PO BOX 9517,,,,EL PASO,USA-UNITED STATES,79985,6566250751,,0,8-DIRECT CUSTOMER,,K73403,ACTIVE,2/13/2012
K23782,OKLAHOMA STATE,,BUREAU OF INVESTIGATION,6600 NORTH HARVEY,,,OKLAHOMA CITY,USA-UNITED STATES,73116,4057159528,,0,8-DIRECT CUSTOMER,,K23782,ACTIVE,2/13/2012
K23783,WOODFORD RESERVE DISTILL VERSA,,,,,,,,,,,0,8-DIRECT CUSTOMER,,K23783,ACTIVE,2/13/2012
K23786,Y I T ONTARIO LTD 1085 WOODBRI,,,,,,,,,,,0,8-DIRECT CUSTOMER,,K23786,ACTIVE,2/13/2012
K23784,WESTERN MINING & MINERALS,,,,,,,,,,,0,8-DIRECT CUSTOMER,,K23784,ACTIVE,2/13/2012
K23787,WORRY FREE SNOWBLOWING GLOUCES,,,,,,,,,,,0,8-DIRECT CUSTOMER,,K23787,ACTIVE,2/13/2012
K23788,MURGO FARMS LTD BEACHVILLE ONT,,,,,,,,,,,0,8-DIRECT CUSTOMER,,K23788,ACTIVE,2/13/2012
K23789,COSTCO #314,,218 LOWER MOUNTAIN VIEW DRIVE,,,,COLCHESTER,USA-UNITED STATES,5446,8026554356,,0,1-DISTRIBUTOR,,K23789,ACTIVE,2/13/2012
K23790,L K Q WESTERN TRUCK PARTS HEND,,,,,,,,,,,0,8-DIRECT CUSTOMER,,K23790,ACTIVE,2/13/2012
K23739,INTRAC EESTI AS,,TARTU MNT 167,,,,HARJUMAA,EST-ESTONIA,75301,6035700,,0,1-DISTRIBUTOR,,K23749,ACTIVE,2/14/2012
K23740,INTRAC EESTI AS,,TARTU MNT 167,,,,HARJUMAA,EST-ESTONIA,75301,6035700,,0,1-DISTRIBUTOR,,K23749,ACTIVE,2/14/2012
K23741,INTRAC EESTI AS,,TARTU MNT 167,,,,HARJUMAA,EST-ESTONIA,75301,6035700,,0,1-DISTRIBUTOR,,K23749,ACTIVE,2/14/2012
K23742,INTRAC EESTI AS,,TARTU MNT 167,,,,HARJUMAA,EST-ESTONIA,75301,6035700,,0,1-DISTRIBUTOR,,K23749,ACTIVE,2/14/2012
K23792,METALLISET EESTI AS,,FFA 0194,,,,TALLINN,EST-ESTONIA,15155,3736061310,,0,8-DIRECT CUSTOMER,,K23792,ACTIVE,2/14/2012
K23793,METALLISET EESTI AS,,FFA 0194,,,,TALLINN,EST-ESTONIA,15155,6061310,,0,8-DIRECT CUSTOMER,,K23793,ACTIVE,2/14/2012
K23794,ARCOMET,,,,,,,,,,,0,8-DIRECT CUSTOMER,,K23794,ACTIVE,2/14/2012
K23795,GANDY DIGITAL,,2390 WINSTON PARK DRIVE,,OAKVILLE ONTARIO,,CANADA,CAN-CANADA,16H 0G7,6473672737,,0,8-DIRECT CUSTOMER,A-ADVANCED PAY,K23795,ACTIVE,2/14/2012
K23796,GEA PROCESS ENGINEERING,,GEA COLBY,328 HIGH STREET,CHATSWOOD NSW,,AUSTRALIA,AUS-AUSTRALIA,2067,61299322800,,0,8-DIRECT CUSTOMER,A-ADVANCED PAY,K23796,ACTIVE,2/14/2012
K23797,MACRO SCIENTIFIC WORKS DELHI,,,,,,,,,,,0,8-DIRECT CUSTOMER,,K23797,ACTIVE,2/14/2012
K23806,OMNIPROJECT SNC,,,,,,,,,,,0,1-DISTRIBUTOR,,K23806,ACTIVE,2/14/2012
K23798,NUCON ENGINEERS DELHI IND,,,,,,,,,,,0,8-DIRECT CUSTOMER,,K23798,ACTIVE,2/14/2012
K23799,APEX AUTO LTD BANGALORE LTD,,,,,,,,,,,0,8-DIRECT CUSTOMER,,K23799,ACTIVE,2/14/2012
K23800,GREEN MICROELECTRONICS,,,,,,,,,,,0,8-DIRECT CUSTOMER,,K23800,ACTIVE,2/14/2012
K23801,SHIRTINATOR SLOVAKIA,,,,,,,,,,,0,8-DIRECT CUSTOMER,,K23801,ACTIVE,2/14/2012
K23802,VAJDA GROUP,,,,,,,,,,,0,8-DIRECT CUSTOMER,,K23802,ACTIVE,2/14/2012
K23803,BRA MAR SRL,,,,,,,,,,,0,8-DIRECT CUSTOMER,,K23803,ACTIVE,2/14/2012
K23808,LAWN ENFORCEMENT,,,,,,,,,,,0,8-DIRECT CUSTOMER,,K23808,ACTIVE,2/14/2012
K23812,BOSTON ATLANTIC CORPORATION,,7 HARRIS COURT,,,,WORCESTER,USA-UNITED STATES,1610,5087544076,5087922023,0,8-DIRECT CUSTOMER,,K23812,ACTIVE,2/14/2012
K23813,WASTE MANAGEMENT,,,,,,,,,,,0,8-DIRECT CUSTOMER,,953419,DEACTIVATED,2/14/2012
K23814,SOUTHWEST STEEL COILS SANTA TE,,,,,,,,,,,0,8-DIRECT CUSTOMER,,K23814,ACTIVE,2/14/2012
K23816,R S C 737 DEARBORN MI,,,,,,,,,,,0,8-DIRECT CUSTOMER,,766855,ACTIVE,2/14/2012
K23815,MEADE TRACTOR,,,,,,,,,,,0,1-DISTRIBUTOR,,J99475,ACTIVE,2/14/2012
K23817,DARLING INTERNATIONAL BLUE EAR,,,,,,,,,,,0,8-DIRECT CUSTOMER,,K23817,ACTIVE,2/14/2012
K23818,M T G TRUCK TRAILER CANDER NC,,,,,,,,,,,0,8-DIRECT CUSTOMER,,K23818,ACTIVE,2/14/2012
K23819,BEAR MECHANCIAL BOLIGEE AL,,,,,,,,,,,0,8-DIRECT CUSTOMER,,K23819,ACTIVE,2/14/2012
K23820,STEVENS CONSTRUCTION COTTAGE G,,,,,,,,,,,0,8-DIRECT CUSTOMER,,K23820,ACTIVE,2/14/2012
K23821,RELENTLESS RECOVERY CLEVELAND,,,,,,,,,,,0,8-DIRECT CUSTOMER,,K23821,ACTIVE,2/14/2012
K23822,S A F CUT DURHAM NC,,,,,,,,,,,0,8-DIRECT CUSTOMER,,K23822,ACTIVE,2/14/2012
K23824,PROGRESSIVE CONSTRUCTION  BROU,,,,,,,,,,,0,8-DIRECT CUSTOMER,,K23824,ACTIVE,2/14/2012
K23823,SRI SIDHIVINAYAK MARKETING AMT,,6 RAGHUKUL APARTMENT,SR NO 968 AND 969,S B RD MARHARASHTRA PUNE,,INDIA,IND-INDIA,411016,9.19E+11,,0,1-DISTRIBUTOR,A-ADVANCED PAY,K23823,ACTIVE,2/14/2012
K23825,J W TURF INC,,,,,,,,,,,0,8-DIRECT CUSTOMER,,K23825,ACTIVE,2/14/2012
K23827,EASTERN INDUSTRIAL SUPPLY HANA,,,,,,,,,,,0,8-DIRECT CUSTOMER,,K23827,ACTIVE,2/14/2012
K23828,SIMPSON LUMBER,,,,,,,,,,,0,8-DIRECT CUSTOMER,,K23828,ACTIVE,2/14/2012
K23829,KOREA INST INDUSTIRAL TECH,,35-3,,,,,,,,,,,,,,
0,,0,8-DIRECT CUSTOMER,,K23829,ACTIVE,2/14/2012,,,,,,,,,,
K23830,ALVEREZ CONTRACTORS FREDERICK,,,,,,,,,,,0,8-DIRECT CUSTOMER,,K23830,ACTIVE,2/14/2012
K23831,ENGINEEREED MARINE PRODUCTS,,260 SCOTLAND DRIVE,,,,ALABASTER,USA-UNITED STATES,35007,2052160560,,0,8-DIRECT CUSTOMER,A-ADVANCED PAY,K23831,ACTIVE,2/14/2012
K23832,AMPAC GLOBAL POUCHG ELK GRV VL,,,,,,,,,,,0,8-DIRECT CUSTOMER,,K23832,ACTIVE,2/14/2012
K23833,B AUTOMOTIVE ROCKVILLE MD,,,,,,,,,,,0,8-DIRECT CUSTOMER,,K23833,ACTIVE,2/14/2012
K23835,BUSY B LAWN CARE WARRENTOWN VA,,,,,,,,,,,0,8-DIRECT CUSTOMER,,K23835,ACTIVE,2/14/2012
K23836,DATA PRINT TECHNOLOGIES WOODSI,,,,,,,,,,,0,8-DIRECT CUSTOMER,,K23836,ACTIVE,2/14/2012
K23837,FLOWLINE TOOL MOLD YORKVILLE I,,,,,,,,,,,0,8-DIRECT CUSTOMER,,K23837,ACTIVE,2/14/2012
K23839,SWARINGION KARL BUFFALO GROVE,,,,,,,,,,,0,8-DIRECT CUSTOMER,,K23839,ACTIVE,2/14/2012
K23834,CONTINENTIAL CASE COMPANY,,429 RUE DES INDUSTRIES,,LE GARDEUR QUEBEC,,CANADA,CAN-CANADA,J5Z 4Y8,4505823017,,0,8-DIRECT CUSTOMER,A-ADVANCED PAY,K23834,ACTIVE,2/14/2012
K23838,MAGNUM MACHINING INC,,,,,,,,,,,0,8-DIRECT CUSTOMER,,K23838,ACTIVE,2/14/2012
K23840,MBC AEROSOL SOUTH ELGIN IL,,,,,,,,,,,0,8-DIRECT CUSTOMER,,K23840,ACTIVE,2/14/2012
K23841,M B C AEROSOL SOUTH ELGIN IL,,,,,,,,,,,0,8-DIRECT CUSTOMER,,K23841,ACTIVE,2/14/2012
K23842,MEIJI CORP WOOD DALE IL,,,,,,,,,,,0,8-DIRECT CUSTOMER,,K23842,ACTIVE,2/14/2012
K23843,TRIOAK FOODS OAKVILLE IA,,,,,,,,,,,0,8-DIRECT CUSTOMER,,K23843,ACTIVE,2/14/2012
K23845,UNIT STEP COMPANY JOLIET IL,,,,,,,,,,,0,8-DIRECT CUSTOMER,,K23845,ACTIVE,2/14/2012
K23847,CHICAGO TUBE IRON CORP  FOND D,,,,,,,,,,,0,8-DIRECT CUSTOMER,,K23847,ACTIVE,2/14/2012
K23848,ENVIRO PURE SYSTEMS CHICAGO IL,,,,,,,,,,,0,8-DIRECT CUSTOMER,,K23848,ACTIVE,2/14/2012
K23846,NAVAL E O D TECH DIV,,2008 STUMP NECK RD,,,,INDIAN HEAD,USA-UNITED STATES,20640,3017446855,,0,8-DIRECT CUSTOMER,,K23846,ACTIVE,2/14/2012
K23849,CRUZ CONTRACTORS LLC HOLMDEL N,,,,,,,,,,,0,8-DIRECT CUSTOMER,,K23849,ACTIVE,2/14/2012
K23850,ECOTONE JARRETTSVILLE MD,,,,,,,,,,,0,8-DIRECT CUSTOMER,,K23850,ACTIVE,2/14/2012
K23851,INTEGRATED PROCESS SOL KENNESA,,,,,,,,,,,0,8-DIRECT CUSTOMER,,K23851,ACTIVE,2/14/2012
K23852,FRIENDS IN ACTION ELIZABETHTOW,,,,,,,,,,,0,8-DIRECT CUSTOMER,,K23852,ACTIVE,2/14/2012
K23853,FRU CON CONSTRUCTION GERMANTOW,,,,,,,,,,,0,8-DIRECT CUSTOMER,,K23853,ACTIVE,2/14/2012
K23854,A E I CORP,,114 NW 8TH,,,,OKLAHOMA CITY,USA-UNITED STATES,73102,4052363551,,0,1-DISTRIBUTOR,,K23854,ACTIVE,2/14/2012
K23855,GENTUNE LLC SPOTSYLVANIA VA,,,,,,,,,,,0,8-DIRECT CUSTOMER,,K23855,ACTIVE,2/14/2012
K23856,GOLDEN STATE SCHOOL DISTRICT,,,,,,,,,,,0,8-DIRECT CUSTOMER,,K23856,ACTIVE,2/15/2012
K23857,BHP BILLITON,,,,,,,,,,,0,8-DIRECT CUSTOMER,,K16096,ACTIVE,2/15/2012
K23858,ENERGY BRIX AUSTRALIA,,,,,,,,,,,0,8-DIRECT CUSTOMER,,K23858,ACTIVE,2/15/2012
K23859,ABCIS INDUSTRIES,,,,,,,,,,,0,1-DISTRIBUTOR,,K23859,ACTIVE,2/15/2012
K23860,JTEKT EUROPE,,,,,,,,,,,0,8-DIRECT CUSTOMER,,K26328,ACTIVE,2/15/2012
K23861,KAMAKSHI STEELS PVT LTD,,,,,,,,,,,0,8-DIRECT CUSTOMER,,K23861,ACTIVE,2/15/2012
K23863,PARKER HANNIFIN FILTRATION PRODUCTS & SYSTEMS,,SYSTEMS ( SHANGHAI ) CO.LTD,NO. 9 JINSHUN RD,,,,,,,,,,,,,
K23864,TEVA CZECH INDUSTRIES,,,,,,,,,,,0,8-DIRECT CUSTOMER,,J93043,ACTIVE,2/15/2012
K23865,TECHNICS INC JOLIET IL,,,,,,,,,,,0,8-DIRECT CUSTOMER,,K23865,ACTIVE,2/15/2012
K23866,T V H PARTS CO OLATHE KS,,,,,,,,,,,0,1-DISTRIBUTOR,,E04890,ACTIVE,2/15/2012
K23868,ALL WORLD MACHINERY SPLY CARRO,,,,,,,,,,,0,8-DIRECT CUSTOMER,,K23868,ACTIVE,2/15/2012
K23867,ECOLOGY & ENVIRONMENTAL,,1940 WEBSTER SUITE 100,,,,OAKLAND,USA-UNITED STATES,94612,5108936700,,0,8-DIRECT CUSTOMER,,K23867,ACTIVE,2/15/2012
K23869,COCA COLA THE COMPANY,,P O DRAWER 2467,705 MAIN ST,,,AUBURNDALE,USA-UNITED STATES,33823,8884199529,,250004,8-DIRECT CUSTOMER,,191493,ACTIVE,2/15/2012
K23870,HONONEGAH DENTAL,,5647 ELEVATOR ROAD,,,,ROSCOE,USA-UNITED STATES,61073,8156232300,,0,8-DIRECT CUSTOMER,,K23870,ACTIVE,2/15/2012
K23871,NOVOZYMES BIOAG INC,,P. O BOX 9686,,,,MANCHESTER,USA-UNITED STATES,3102,2629572000,,0,8-DIRECT CUSTOMER,,K23871,ACTIVE,2/15/2012
K23872,TEMPAK UK LTD READING GB,,,,,,,,,,,0,1-DISTRIBUTOR,,K23872,ACTIVE,2/15/2012
K23875,FULL SPECTRUM ANALYTICS,,,,,,,,,,,0,8-DIRECT CUSTOMER,,K23875,ACTIVE,2/15/2012
K23876,BIOCOMMERCE LLC,,5305 CHATEAUX RIDGE CT,,,,RAPID CITY,USA-UNITED STATES,57702,6058580163,,0,8-DIRECT CUSTOMER,,K23876,ACTIVE,2/15/2012
K23882,COMPOSITE APPROACH REDMOND OR,,,,,,,,,,,0,8-DIRECT CUSTOMER,,K23882,ACTIVE,2/15/2012
K23878,US COAST GUARD,,,,,,,,,,,0,8-DIRECT CUSTOMER,,997630,ACTIVE,2/15/2012
K23884,LA MOINE BRANT TRUCKNG POWELL,,,,,,,,,,,0,8-DIRECT CUSTOMER,,K23884,ACTIVE,2/15/2012
K23879,II-VI VIETNAM CO,,,,,,,,,,,,,,,,
K23880,KIT CARSON COUNTY,,,,,,,,,,,0,8-DIRECT CUSTOMER,,K23880,ACTIVE,2/15/2012
K23883,AIR LIQUIDE,,,,,,,,,,,0,8-DIRECT CUSTOMER,,36831,ACTIVE,2/15/2012
K23886,FROPF MICHAEL FARMS HARRISBURG,,,,,,,,,,,0,8-DIRECT CUSTOMER,,K23886,ACTIVE,2/15/2012
K23885,C G G VERITAS,,,,,,,,,,,0,8-DIRECT CUSTOMER,,K23885,ACTIVE,2/15/2012
K23887,GULF COAST BREATHING AIR,,,,,,,,,,,0,8-DIRECT CUSTOMER,,K23887,ACTIVE,2/15/2012
K23888,PHILS MOBILE DENVER CO,,,,,,,,,,,0,8-DIRECT CUSTOMER,,K23888,ACTIVE,2/15/2012
K23889,GILPIN CTY ROAD BRIDGE BLACK H,,,,,,,,,,,0,8-DIRECT CUSTOMER,,K23889,ACTIVE,2/15/2012
K23891,TEREX UTILITIES WEST AURORA CO,,,,,,,,,,,0,8-DIRECT CUSTOMER,,886620,ACTIVE,2/15/2012
K23892,WAGNER INTERIOR SUPPLY ENGLEWO,,,,,,,,,,,0,8-DIRECT CUSTOMER,,K23892,ACTIVE,2/15/2012
K23893,HARFORD COUNTY STREET MD,,,,,,,,,,,0,8-DIRECT CUSTOMER,,K23893,ACTIVE,2/15/2012
K23894,HYDROWORX INC MIDDLETOWN PA,,,,,,,,,,,0,8-DIRECT CUSTOMER,,K23894,ACTIVE,2/15/2012
K23890,NIH,,31 CENTER DRIVE,BLDG 31 ROOM 2B34,,,BETHSEDA,USA-UNITED STATES,20892,3014352964,,0,8-DIRECT CUSTOMER,,K23890,ACTIVE,2/15/2012
K23895,J D N INCORPORATED ABERDEEN MD,,,,,,,,,,,0,8-DIRECT CUSTOMER,,K23895,ACTIVE,2/15/2012
K23897,LEASE BROTHERS INC UNION BRIDG,,,,,,,,,,,0,8-DIRECT CUSTOMER,,K23897,ACTIVE,2/15/2012
K23898,NAPA LUZERNE PECO PHILADELPHIA,,,,,,,,,,,0,8-DIRECT CUSTOMER,,K23898,ACTIVE,2/15/2012
K23899,N C M DEMOLITION REMEDIAT BALT,,,,,,,,,,,0,8-DIRECT CUSTOMER,,K23899,ACTIVE,2/15/2012
K23900,NEXTOW HAGERSTOWN MD,,,,,,,,,,,0,8-DIRECT CUSTOMER,,K23900,ACTIVE,2/15/2012
K23901,PRO ACTIVE EQUIPMENT SERV BEL,,,,,,,,,,,0,8-DIRECT CUSTOMER,,K23901,ACTIVE,2/15/2012
K23902,RAIL CENTER MAINTENANCE PITTSB,,,,,,,,,,,0,8-DIRECT CUSTOMER,,K23902,ACTIVE,2/15/2012
K23903,WEST RANGE RECLAMAT LLC HOTCHK,,,,,,,,,,,0,8-DIRECT CUSTOMER,,K23903,ACTIVE,2/15/2012
K23905,SKY IMPORT EXPORT PHILADELPHIA,,,,,,,,,,,0,8-DIRECT CUSTOMER,,K23905,ACTIVE,2/15/2012
K23906,STEINERS CONSTRUCTION LEBANON,,,,,,,,,,,0,8-DIRECT CUSTOMER,,K23906,ACTIVE,2/15/2012
K23907,STOLAR CONSTRUTION HANOVER MD,,,,,,,,,,,0,8-DIRECT CUSTOMER,,K23907,ACTIVE,2/15/2012
K23908,CAMERON SURFACE SYSTEM FORT CO,,,,,,,,,,,0,8-DIRECT CUSTOMER,,213570,ACTIVE,2/15/2012
K23909,MACMILLAN METAL WORK JOHNSTOWN,,,,,,,,,,,0,8-DIRECT CUSTOMER,,K23909,ACTIVE,2/15/2012
K23910,TITAN MACHINERY CHEYENNE WY,,,,,,,,,,,0,8-DIRECT CUSTOMER,,C34710,ACTIVE,2/15/2012
K23911,FOX VENTURES BARNUNN WY,,,,,,,,,,,0,8-DIRECT CUSTOMER,,K23911,ACTIVE,2/15/2012
K23912,D S MANUFACTURING LLC GLENROCK,,,,,,,,,,,0,8-DIRECT CUSTOMER,,K23912,ACTIVE,2/15/2012
K23914,AIRWARE INC,,5973 ENCINA RD S,STE 109,,,GOLETA,USA-UNITED STATES,93117,8056831117,,0,8-DIRECT CUSTOMER,,K23914,ACTIVE,2/15/2012
K23915,WILDCAT TIRE & AUTO SERVICE,,4344 KENTUCKY ROUTE 321,P O BOX 368,,,HAGER HILL,USA-UNITED STATES,41222,6067898473,,0,1-DISTRIBUTOR,,K23915,ACTIVE,2/15/2012
K23917,TUSCO DISPLAYS NEW PHILADELPHI,,,,,,,,,,,0,8-DIRECT CUSTOMER,,K23917,ACTIVE,2/15/2012
K23918,FASTENAL CO CLANTON AL,,,,,,,,,,,0,1-DISTRIBUTOR,,312243,ACTIVE,2/15/2012
K23919,FASTENAL CO KILGORE TX,,,,,,,,,,,0,1-DISTRIBUTOR,,312243,ACTIVE,2/15/2012
K23920,GOODWATER COMPANY INC ROGERS M,,,,,,,,,,,0,8-DIRECT CUSTOMER,,K23920,ACTIVE,2/15/2012
K23921,ON THE SPOT TRUCK REPAIR COLUM,,,,,,,,,,,0,8-DIRECT CUSTOMER,,K23921,ACTIVE,2/15/2012
K23923,ARDENT SERVICES WATFORD CITY N,,,,,,,,,,,0,8-DIRECT CUSTOMER,,K23923,ACTIVE,2/15/2012
K23922,FORGE RESOURCES GROUP,,PO BOX 369,,,,DEKALB,USA-UNITED STATES,60115,8157563538,,0,8-DIRECT CUSTOMER,,K23922,ACTIVE,2/15/2012
K23924,MID STATES UTILITY TRAIL SIOUX,,,,,,,,,,,0,8-DIRECT CUSTOMER,,K23924,ACTIVE,2/15/2012
K23925,STEAMWAY MITCHELL SD,,,,,,,,,,,0,8-DIRECT CUSTOMER,,K23925,ACTIVE,2/15/2012
K23927,ORIFORM SRL,,,,,,,,,,,0,8-DIRECT CUSTOMER,,K23927,ACTIVE,2/16/2012
K23926,SAFE WAY ELECTRIC MOTOR CO,,,,,,,,,,,0,8-DIRECT CUSTOMER,,K23926,ACTIVE,2/16/2012
K23930,HAWA VALVES INDIA PVT LTD,,,,,,,,,,,0,8-DIRECT CUSTOMER,,K23930,ACTIVE,2/16/2012
K23931,PROCORP,,,,,,,,,,,0,1-DISTRIBUTOR,,K23931,ACTIVE,2/16/2012
K23937,PRAG RUBBER INDUSTRIES PL,,,,,,,,,,,0,8-DIRECT CUSTOMER,,K23937,ACTIVE,2/16/2012
K23938,IMAGE NATIONAL INC NAMPA ID,,,,,,,,,,,0,8-DIRECT CUSTOMER,,K23938,ACTIVE,2/16/2012
K23939,MC MASTER CONSTRUCTION NAMPA I,,,,,,,,,,,0,8-DIRECT CUSTOMER,,K23939,ACTIVE,2/16/2012
K23940,PROCARE LANDSCAPE INC GARDEN C,,,,,,,,,,,0,8-DIRECT CUSTOMER,,K23940,ACTIVE,2/16/2012
K23943,ALLIED WASTE WILSONVLLE OR,,,,,,,,,,,0,8-DIRECT CUSTOMER,,798952,ACTIVE,2/16/2012
K23944,AUTOMATIC LIQUID PACKAGING SOL,,,,,,,,,,,0,8-DIRECT CUSTOMER,,K23944,ACTIVE,2/16/2012
K23945,D B GRAPHIC SERVICES GILBERTS,,,,,,,,,,,0,8-DIRECT CUSTOMER,,K23945,ACTIVE,2/16/2012
K23941,NORTH CAROLINA DEPARMENT OF,,AGRICULTURE,1001 MAIL SERVICE CENTER,,,RALEIGH,USA-UNITED STATES,27699,9197337366,,35023,8-DIRECT CUSTOMER,,K23941,ACTIVE,2/16/2012
K23942,NEURAXON,,16-1375 SOUTHDOWN RD UNIT 318,,MISSISSAUGA ONTARIO,,CANADA,CAN-CANADA,L5J 2Z1,4166736697,,0,8-DIRECT CUSTOMER,,K23942,ACTIVE,2/16/2012
K23946,ELITE METAL FINISHING LLC,,540 SPECTRUM CIRCLE,,,,OXNARD,USA-UNITED STATES,93030,8059834320,8059833830,0,8-DIRECT CUSTOMER,,K23946,ACTIVE,2/16/2012
K23947,GULF COAST SEAL,,PARKER HANNIFIN CORP,9119 MONROE ROAD,,,HOUSTON,USA-UNITED STATES,77061,7139107700,7139106600,0,1-DISTRIBUTOR,G-INTER DIV,K23947,ACTIVE,2/16/2012
K23948,ZEMAN MANUFACTURING CO LISLE I,,,,,,,,,,,0,8-DIRECT CUSTOMER,,K23948,ACTIVE,2/16/2012
K23950,ACCURATE RECYCLING JOLIET IL,,,,,,,,,,,0,8-DIRECT CUSTOMER,,K23950,ACTIVE,2/16/2012
K23949,HEIBERG GARBAGE RECYCLING MILW,,,,,,,,,,,0,8-DIRECT CUSTOMER,,K23949,ACTIVE,2/16/2012
K23951,ANZY SUPPLY INC CHICAGO IL,,,,,,,,,,,0,8-DIRECT CUSTOMER,,K23951,ACTIVE,2/16/2012
K23953,LARSEN AND TOUBRO LTD,,,,,,,,,,,0,8-DIRECT CUSTOMER,,519282,ACTIVE,2/16/2012
K23955,ITAI SPA,,,,,,,,,,,0,8-DIRECT CUSTOMER,,K23955,ACTIVE,2/16/2012
K23957,SYNERLOGIC,,,,,,,,,,,0,8-DIRECT CUSTOMER,,K23957,ACTIVE,2/16/2012
K23954,INTERWEST MECHANICAL,,CONTRACTORS INC,###USE K24488,,,SPANISH FORK,USA-UNITED STATES,84660,,,0,8-DIRECT CUSTOMER,,K23954,DEACTIVATED,2/16/2012
K23958,H E EQUIPMENT SERVICES COLUMBI,,,,,,,,,,,0,8-DIRECT CUSTOMER,,K68867,ACTIVE,2/16/2012
K23959,RECO CAYCE SC,,,,,,,,,,,0,8-DIRECT CUSTOMER,,K23959,ACTIVE,2/16/2012
K23960,TENCARVA,,,,,,,,,,,0,1-DISTRIBUTOR,,884900,DEACTIVATED,2/16/2012
K23961,AEREO INC,,280 SUMMER ST,FLOOR 4,,,BOSTON,USA-UNITED STATES,2210,6178616086,,10015,8-DIRECT CUSTOMER,H-HOLD,K23961,ACTIVE,2/16/2012
K23962,JOULE UNLIMITED TECHNOLOGIES,,18 CROSBY DRIVE,,,,BEDFORD,USA-UNITED STATES,1730,6173546100,,0,8-DIRECT CUSTOMER,,K23962,ACTIVE,2/16/2012
K23963,PHILIP MORRIS_MFG CTR,,,,,,,,,,,0,8-DIRECT CUSTOMER,,K23963,ACTIVE,2/16/2012
K23964,ARCELORMITTAL MONESSEN PA,,,,,,,,,,,0,8-DIRECT CUSTOMER,,K23964,ACTIVE,2/16/2012
K23965,ATLANTIC PLANT SERVICES NEDERL,,,,,,,,,,,0,8-DIRECT CUSTOMER,,K23965,ACTIVE,2/16/2012
K23966,WELLS SUPPLY LLC PORT ARTHUR T,,,,,,,,,,,0,8-DIRECT CUSTOMER,,K23966,ACTIVE,2/16/2012
K23967,AMERICAN DISPATCH INC BROWNSVI,,,,,,,,,,,0,8-DIRECT CUSTOMER,,K23967,ACTIVE,2/16/2012
K23968,INTERCEPT PRODUCTIONS SAN ANTO,,,,,,,,,,,0,8-DIRECT CUSTOMER,,K23968,ACTIVE,2/16/2012
K23969,B B B TANKING SERVICES INC LAP,,,,,,,,,,,0,8-DIRECT CUSTOMER,,K23969,ACTIVE,2/16/2012
K23970,EPSCO INTERNATIONAL CLUTE TX,,,,,,,,,,,0,8-DIRECT CUSTOMER,,K23970,ACTIVE,2/16/2012
K23971,COPPER LIGHT CAYCE SC,,,,,,,,,,,0,8-DIRECT CUSTOMER,,K23971,ACTIVE,2/16/2012
K23973,ADVANCED CALIBRATION ENTE CONR,,,,,,,,,,,0,8-DIRECT CUSTOMER,,K23973,ACTIVE,2/16/2012
K23972,A W CHESTERTON CO,,500 UNICORN PARK DR,,,,WOBURN,USA-UNITED STATES,01801-3345,7814387000,7814812530,0,8-DIRECT CUSTOMER,,174261,ACTIVE,2/16/2012
K23974,GROWERS CHOICE LTD SHREVE OH,,,,,,,,,,,0,8-DIRECT CUSTOMER,,K23974,ACTIVE,2/16/2012
K23976,WARREN ALLOY VALVE FITTING HOU,,,,,,,,,,,0,8-DIRECT CUSTOMER,,K23976,ACTIVE,2/16/2012
K23979,SPEED NORTH AMERICA INC WOOSTE,,,,,,,,,,,0,8-DIRECT CUSTOMER,,K23979,ACTIVE,2/16/2012
K23978,KIT DIV,,KIT DIVISION,164 POINTE SOUTH DRIVE,,,RANDLEMAN,USA-UNITED STATES,27317,3364952585,3364959520,0,6-PARKER HANNIFIN,G-INTER DIV,688262,ACTIVE,2/16/2012
K23982,CROFT AUTOMATION,,712 AUSTIN AVE,,,,WACO,USA-UNITED STATES,76701,2547141740,2547141747,0,8-DIRECT CUSTOMER,A-ADVANCED PAY,K23982,ACTIVE,2/16/2012
